<?xml version="1.0" encoding="UTF-8"?>
<!DOCTYPE mapper PUBLIC "-//mybatis.org//DTD Mapper 3.0//EN" "http://mybatis.org/dtd/mybatis-3-mapper.dtd">
<mapper namespace="com.hms.admin.mapper.FrontMapper">

    <!-- 通用查询映射结果 -->
    <resultMap id="BaseResultMap" type="com.hms.pojo.po.Front">
        <id column="front_id" property="frontId" />
        <result column="name" property="name" />
        <result column="password" property="password" />
        <result column="phone" property="phone" />
    </resultMap>

    <!-- 通用查询结果列 -->
    <sql id="Base_Column_List">
        front_id, name, password, phone
    </sql>

</mapper>
