<?xml version="1.0" encoding="UTF-8"?>
<!DOCTYPE mapper PUBLIC "-//mybatis.org//DTD Mapper 3.0//EN" "http://mybatis.org/dtd/mybatis-3-mapper.dtd">
<mapper namespace="com.hms.reserve.mapper.BookMsgMapper">

    <select id="getBookMsgByIdCard" resultType="com.hms.pojo.po.BookMsg" parameterType="string">
        select * from book_msg where guest_id_card = #{idCard};
    </select>

    <select id="getBookMsgByTime" resultType="com.hms.pojo.po.BookMsg" parameterType="java.sql.Timestamp">
        select * from book_msg where (state =1 or state = 11) and
        ((from_time > #{fromTime} and to_time &lt; #{toTime})
        or (from_time >  #{fromTime} and from_time &lt; #{toTime})
        or (to_time > #{fromTime} and to_time &lt; #{toTime})
        or (from_time &lt; #{fromTime} and to_time> #{toTime}) );
    </select>

    <select id="getBookMsgByTime1" resultType="com.hms.pojo.po.BookMsg" parameterType="java.sql.Timestamp">
        select * from book_msg where state =1 and
        ((from_time > #{fromTimeT} and to_time &lt; #{toTimeT})
        or (from_time >  #{fromTimeT} and from_time &lt; #{toTimeT})
        or (to_time > #{fromTimeT} and to_time &lt; #{toTimeT})
        or (from_time &lt; #{fromTimeT} and to_time> #{toTimeT}) );
    </select>

    <delete id="removeByIdCard" parameterType="string">
        delete from book_msg where guest_id_card = #{idCard};
    </delete>
    <delete id="removeByResultRoom" parameterType="string">
        delete from book_msg where result_room = #{id};
    </delete>
</mapper>
